{"cameraMode":{"drawMode":2,"name":"Shaded Wireframe","section":"Shading Mode"},"sceneLighting":false,"audioPlay":false,"sceneViewState":{"m_AlwaysRefresh":false,"showFog":true,"showSkybox":false,"showFlares":true,"showImageEffects":true,"showParticleSystems":true,"showVisualEffectGraphs":true,"m_FxEnabled":true},"in2DMode":false,"pivot":{"x":-12.686347961425782,"y":-7.245457649230957,"z":50.539669036865237},"rotation":{"x":0.03479791432619095,"y":-0.016570866107940675,"z":0.0005873333429917693,"w":0.9992702603340149},"size":1.1277904510498047,"orthographic":false}